Model,Confidence Type,ECE,MCE,Mean Confidence,Accuracy
gpt-4o,categorical,0.3,0.8,0.7,1.0
gpt-4o,float,0.12833333333333322,0.4,0.8716666666666666,1.0
gpt-4o,integer,0.10833333333333349,0.5999999999999999,0.8916666666666667,1.0
gpt-4o-mini,categorical,0.4266666666666666,0.8,0.5233333333333333,0.95
gpt-4o-mini,float,0.13541666666666666,0.30000000000000004,0.8145833333333333,0.95
gpt-4o-mini,integer,0.19500000000000006,0.5999999999999999,0.7383333333333334,0.9333333333333333
